25897,46248,20351,26038,25897,46248,29556736,522044557,1
25897,99170,73273,26038,25897,99170,1562574848,524037075,2
25897,45261,19364,26038,25897,99170,3095592960,524386379,3
25897,53533,27636,26085,25897,99170,333643776,524476055,4
25897,45214,19317,26038,25897,99170,1866661888,524354889,5
25991,45308,19317,26085,25897,99170,3399680000,524475491,6
25991,45355,19364,26038,25897,99170,637730816,525500937,7
25991,45449,19458,26414,25897,99170,2170748928,527148099,8
25991,45637,19646,26226,25897,99170,3703767040,527938028,9
25991,50243,24252,26179,25897,99170,941817856,526995913,10
25991,45355,19364,26179,25897,99170,2474835968,526855242,11
25991,114210,88219,26132,25897,114210,4007854080,526817736,12
26132,47000,20868,26226,25897,114210,1245904896,527273542,13
26132,41125,14993,26179,25897,114210,2778923008,526870611,14
26132,39668,13536,26132,25897,114210,16973824,526731820,15
25991,79994,54003,26226,25897,114210,1549991936,526849367,16
26132,45402,19270,26132,25897,114210,3083010048,526991871,17
26132,45496,19364,26179,25897,114210,321060864,527518177,18
26132,68996,42864,26320,25897,114210,1854078976,527864849,19
26132,45496,19364,26132,25897,114210,3387097088,528187692,20
26132,72427,46295,26179,25897,114210,625147904,527955277,21
26132,45590,19458,26273,25897,114210,2158166016,529642060,22
26132,85164,59032,26132,25897,114210,3691184128,529171026,23
26132,45543,19411,26273,25897,114210,929234944,529171355,24
26132,58092,31960,26179,25897,114210,2462253056,528747885,25
26132,45543,19411,26320,25897,114210,3995271168,528450187,26
26132,45496,19364,26179,25897,114210,1233321984,528561718,27
26132,45496,19364,26179,25897,114210,2766340096,528537795,28
26132,95833,69701,26179,25897,114210,4390912,528934569,29
26132,45496,19364,26273,25897,114210,1537409024,528727064,30
26132,45496,19364,26179,25897,114210,3070427136,528960372,31
26132,64343,38211,26273,25897,114210,308477952,528920281,32
26132,53157,27025,26132,25897,114210,1841496064,528900400,33
26132,85775,59643,26273,25897,114210,3374514176,529052351,34
26132,71769,45637,26132,25897,114210,612564992,529418058,35
26132,70312,44180,26320,25897,114210,2145583104,530483501,36
26132,48410,22278,26320,25897,114210,3678601216,529256895,37
26132,45496,19364,26179,25897,114210,916652032,529167266,38
26132,45496,19364,26320,25897,114210,2449670144,529052868,39
26132,45496,19364,26320,25897,114210,3982688256,528888556,40
26132,45496,19364,26320,25897,114210,1220739072,528984013,41
26132,45496,19364,26273,25897,114210,2753757184,529208344,42
26132,57152,31020,26273,25897,114210,4286775296,529131687,43
26132,55695,29563,26320,25897,114210,1524826112,528973673,44
26132,45496,19364,26273,25897,114210,3057844224,529027112,45
26132,78020,51888,26132,25897,114210,295895040,529448937,46
26132,84600,58468,26320,25897,114210,1828913152,529187758,47
26132,97995,71863,26273,25897,114210,3361931264,529232267,48
26132,45543,19411,26367,25897,114210,599982080,529339803,49
26132,45684,19552,26273,25897,114210,2133000192,530226975,50
26132,45496,19364,26320,25897,114210,3666018304,529377121,51
26132,45496,19364,26320,25897,114210,904069120,529349203,52
26132,59549,33417,26179,25897,114210,2437087232,529189873,53
26132,45496,19364,26179,25897,114210,3970105344,529219154,54
26132,51277,25145,26273,25897,114210,1208156160,529591723,55
26132,58139,32007,26320,25897,114210,2741174272,531337350,56
26132,48504,22372,26273,25897,114210,4274192384,529542702,57
26132,57293,31161,26273,25897,114210,1512243200,529328241,58
26132,112048,85916,26320,25897,114210,3045261312,529259621,59
26132,53815,27683,26179,25897,114210,283312128,529243829,60
26132,46154,20022,26320,25897,114210,1816330240,529351788,61
26132,45496,19364,26320,25897,114210,3349348352,529327724,62
26132,88736,62604,26273,25897,114210,587399168,530355238,63
26132,45449,19317,26320,25897,114210,2120417280,529304835,64
26132,91556,65424,26273,25897,114210,3653435392,529366875,65
26132,89535,63403,26273,25897,114210,891486208,529668897,66
26132,45872,19740,26320,25897,114210,2424504320,529533302,67
26132,45496,19364,26179,25897,114210,3957522432,529434790,68
26132,45496,19364,26132,25897,114210,1195573248,529287962,69
26132,45496,19364,26273,25897,114210,2728591360,529292427,70
26132,56259,30127,26320,25897,114210,4261609472,529271888,71
26132,59690,33558,26273,25897,114210,1499660288,529358274,72
26132,45496,19364,26273,25897,114210,3032678400,529163788,73
26132,45496,19364,26179,25897,114210,270729216,529171872,74
26132,85023,58891,26320,25897,114210,1803747328,529409551,75
26132,45496,19364,26179,25897,114210,3336765440,529238189,76
26132,45590,19458,26273,25897,114210,574816256,530988892,77
26132,45449,19317,26320,25897,114210,2107834368,529507922,78
26132,61617,35485,26132,25897,114210,3640852480,529412653,79
26132,57481,31349,26273,25897,114210,878903296,529299571,80
26132,45496,19364,26273,25897,114210,2411921408,529344973,81
26132,87843,61711,26273,25897,114210,3944939520,529324951,82
26132,58985,32853,26320,25897,114210,1182990336,529190249,83
26132,45496,19364,26320,25897,114210,2716008448,529302015,84
26132,45496,19364,26132,25897,114210,4249026560,529257130,85
26132,51183,25051,26273,25897,114210,1487077376,529255297,86
26132,52969,26837,26179,25897,114210,3020095488,529327160,87
26132,45496,19364,26273,25897,114210,258146304,529582135,88
26132,73085,46953,26179,25897,114210,1791164416,529454342,89
26132,45590,19458,26414,25897,114210,3324182528,529438456,90
26132,45590,19458,26132,25897,114210,562233344,530502301,91
26132,45449,19317,26179,25897,114210,2095251456,529294448,92
26132,88830,62698,26179,25897,114210,3628269568,529517275,93
26132,45496,19364,26320,25897,114210,866320384,529216193,94
26132,45496,19364,26179,25897,114210,2399338496,529313342,95
26132,45496,19364,26273,25897,114210,3932356608,529205148,96
26132,45496,19364,26320,25897,114210,1170407424,529104051,97
26132,45449,19317,26273,25897,114210,2703425536,529222162,98
26132,56964,30832,26320,25897,114210,4236443648,529187288,99
26132,48363,22231,26273,25897,114210,1474494464,529803834,100
26132,74119,47987,26273,25897,114210,3007512576,529294307,101
26132,79054,52922,26320,25897,114210,245563392,529816054,102
26132,46107,19975,26179,25897,114210,1778581504,529452180,103
26132,47846,21714,26414,25897,114210,3311599616,529898304,104
26132,115855,89723,26273,25897,115855,549650432,529931580,105
26132,66975,40843,26320,25897,115855,2082668544,529360718,106
26132,45496,19364,26226,25897,115855,3615686656,529328711,107
26132,75576,49444,26320,25897,115855,853737472,529287351,108
26132,45825,19693,26179,25897,115855,2386755584,529316538,109
26132,63497,37365,26273,25897,115855,3919773696,529302062,110
26132,45543,19411,27683,25897,115855,1157824512,529832081,111
26132,54849,28717,26320,25897,115855,2690842624,529380834,112
26132,45496,19364,26320,25897,115855,4223860736,529338816,113
26132,58139,32007,26179,25897,115855,1461911552,529331437,114
26132,45496,19364,26132,25897,115855,2994929664,529114861,115
26132,97995,71863,26273,25897,115855,232980480,529472249,116
26132,57857,31725,26273,25897,115855,1765998592,529284531,117
26132,67445,41313,26273,25897,115855,3299016704,530497883,118
26132,45496,19364,26273,25897,115855,537067520,529235839,119
26132,45496,19364,26320,25897,115855,2070085632,529222115,120
26132,45496,19364,26273,25897,115855,3603103744,529231891,121
26132,64719,38587,26179,25897,115855,841154560,529808675,122
26132,45496,19364,26320,25897,115855,2374172672,529461110,123
26132,45496,19364,26226,25897,115855,3907190784,529324340,124
26132,64249,38117,26132,25897,115855,1145241600,529287586,125
26132,53909,27777,26273,25897,115855,2678259712,529300793,126
26132,61100,34968,26273,25897,115855,4211277824,529294495,127
26132,45496,19364,26273,25897,115855,1449328640,529187100,128
26132,85023,58891,26320,25897,115855,2982346752,529242278,129
26132,45496,19364,26320,25897,115855,220397568,529281899,130
26132,45496,19364,26273,25897,115855,1753415680,529235275,131
26132,74354,48222,26179,25897,115855,3286433792,530549301,132
26132,45590,19458,26226,25897,115855,524484608,529841434,133
26132,56964,30832,26179,25897,115855,2057502720,529337688,134
26132,57011,30879,26273,25897,115855,3590520832,529280160,135
26132,51183,25051,26226,25897,115855,828571648,529258446,136
26132,93483,67351,26273,25897,115855,2361589760,529434367,137
26132,113035,86903,26320,25897,115855,3894607872,529268833,138
26132,45496,19364,26179,25897,115855,1132658688,529267658,139
26132,45637,19505,26320,25897,115855,2665676800,529189027,140
26132,71158,45026,26179,25897,115855,4198694912,529318888,141
26132,67163,41031,26273,25897,115855,1436745728,529266248,142
26132,85540,59408,26273,25897,115855,2969763840,529422382,143
26132,45825,19693,26320,25897,115855,207814656,529763367,144
26132,53533,27401,26414,25897,115855,1740832768,529671999,145
26132,70077,43945,26179,25897,115855,3273850880,530091662,146
26132,45496,19364,26273,25897,115855,511901696,529288996,147
26132,45496,19364,26273,25897,115855,2044919808,529490861,148
26132,69325,43193,26179,25897,115855,3577937920,529772532,149
26132,62651,36519,26273,25897,115855,815988736,529544394,150
26132,45496,19364,26320,25897,115855,2349006848,529460781,151
26132,136629,110497,26273,25897,136629,3882024960,529519484,152
26132,53862,27730,26179,25897,136629,1120075776,529334492,153
26132,86715,60583,26226,25897,136629,2653093888,529354796,154
26132,46342,20210,26320,25897,136629,4186112000,529761205,155
26132,83613,57481,26226,25897,136629,1424162816,529481508,156
26132,48175,22043,26273,25897,136629,2957180928,529381492,157
26132,45496,19364,26320,25897,136629,195231744,529349015,158
26132,45731,19599,26273,25897,136629,1728249856,530602505,159
26132,45637,19505,26320,25897,136629,3261267968,529265919,160
26132,78960,52828,26320,25897,136629,499318784,529315880,161
26132,45496,19364,26273,25897,136629,2032336896,529337641,162
26132,45496,19364,26179,25897,136629,3565355008,529305070,163
26132,57763,31631,26273,25897,136629,803405824,529357381,164
26132,47235,21103,26273,25897,136629,2336423936,529209707,165
26132,45496,19364,26132,25897,136629,3869442048,529755753,166
26132,45449,19317,26273,25897,136629,1107492864,529434555,167
26132,45496,19364,26132,25897,136629,2640510976,529350425,168
26132,60771,34639,26320,25897,136629,4173529088,529365230,169
26132,84506,58374,26273,25897,136629,1411579904,529386145,170
26132,81169,55037,26320,25897,136629,2944598016,529451710,171
26132,45449,19317,26320,25897,136629,182648832,529285894,172
26132,45731,19599,26273,25897,136629,1715666944,530454455,173
26132,62087,35955,26273,25897,136629,3248685056,529252524,174
26132,45496,19364,26273,25897,136629,486735872,529383184,175
26132,49115,22983,26320,25897,136629,2019753984,529371763,176
26132,46248,20116,26179,25897,136629,3552772096,529726378,177
26132,69090,42958,26132,25897,136629,790822912,529581430,178
26132,45496,19364,26320,25897,136629,2323841024,529276729,179
26132,45496,19364,26320,25897,136629,3856859136,529261454,180
26132,45496,19364,26179,25897,136629,1094909952,529229682,181
26132,46530,20398,26132,25897,136629,2627928064,529302767,182
26132,90522,64390,26179,25897,136629,4160946176,529276024,183
26132,80981,54849,26273,25897,136629,1398996992,529262723,184
26132,58938,32806,26320,25897,136629,2932015104,529229870,185
26132,57857,31725,26414,25897,136629,170065920,529363209,186
26132,60771,34639,26273,25897,136629,1703084032,530676671,187
26132,47188,21056,26273,25897,136629,3236102144,529601593,188
26132,87467,61335,26320,25897,136629,474152960,529307843,189
26132,45496,19364,26273,25897,136629,2007171072,529228413,190
26132,45496,19364,26273,25897,136629,3540189184,529310428,191
26132,45496,19364,26273,25897,136629,778240000,529272593,192
26132,45496,19364,26320,25897,136629,2311258112,529251678,193
26132,77503,51371,26320,25897,136629,3844276224,529343939,194
26132,45449,19317,26320,25897,136629,1082327040,529303284,195
26132,45449,19317,26320,25897,136629,2615345152,529287586,196
26132,96679,70547,26132,25897,136629,4148363264,529411525,197
26132,87890,61758,26273,25897,136629,1386414080,529370259,198
26132,86433,60301,26320,25897,136629,2919432192,529360154,199
26132,59925,33793,26414,25897,136629,157483008,530424234,200
26132,45543,19411,26320,25897,136629,1690501120,529524748,201
26132,45496,19364,26273,25897,136629,3223519232,529229964,202
26132,45496,19364,26273,25897,136629,461570048,529219248,203
26132,54849,28717,26273,25897,136629,1994588160,529319452,204
26132,45496,19364,26273,25897,136629,3527606272,529262206,205
26132,84882,58750,26273,25897,136629,765657088,529334351,206
26132,46812,20680,26320,25897,136629,2298675200,529296281,207
26132,60959,34827,26273,25897,136629,3831693312,529245615,208
26132,45496,19364,30832,25897,136629,1069744128,529306104,209
26132,45496,19364,26320,25897,136629,2602762240,529172906,210
26132,82062,55930,26179,25897,136629,4135780352,529332800,211
26132,45496,19364,26273,25897,136629,1373831168,529321567,212
26132,51559,25427,26320,25897,136629,2906849280,529306621,213
26132,68808,42676,26273,25897,136629,144900096,530752952,214
26132,45449,19317,26273,25897,136629,1677918208,529182494,215
26132,45496,19364,26320,25897,136629,3210936320,529326925,216
26132,45496,19364,26226,25897,136629,448987136,529356817,217
26132,45496,19364,26179,25897,136629,1982005248,529231374,218
26132,45496,19364,26273,25897,136629,3515023360,529289325,219
26132,45496,19364,26320,25897,136629,753074176,529267564,220
26132,54003,27871,26273,25897,136629,2286092288,529443391,221
26132,45496,19364,26320,25897,136629,3819110400,529373690,222
26132,89911,63779,26179,25897,136629,1057161216,529330685,223
26132,45496,19364,26320,25897,136629,2590179328,529261454,224
26132,82156,56024,26179,25897,136629,4123197440,529431030,225
26132,45449,19317,26273,25897,136629,1361248256,529265402,226
26132,90287,64155,26320,25897,136629,2894266368,529227097,227
26226,45637,19411,26320,25897,136629,132317184,530731379,228
26132,92355,66223,26320,25897,136629,1665335296,529333834,229
26132,45496,19364,26273,25897,136629,3198353408,529237202,230
26132,61147,35015,26273,25897,136629,436404224,529288479,231
26132,45496,19364,26320,25897,136629,1969422336,529234993,232
26132,45496,19364,26320,25897,136629,3502440448,529290359,233
26132,45496,19364,26273,25897,136629,740491264,529263334,234
26132,48598,22466,26273,25897,136629,2273509376,529377450,235
26132,45496,19364,26320,25897,136629,3806527488,529300135,236
26132,45449,19317,26273,25897,136629,1044578304,529253793,237
26132,74636,48504,26273,25897,136629,2577596416,529481602,238
26132,79289,53157,26179,25897,136629,4110614528,529351271,239
26132,67633,41501,26273,25897,136629,1348665344,529259809,240
26132,87608,61476,26555,25897,136629,2881683456,530016744,241
26226,79806,53580,26320,25897,136629,119734272,530400217,242
26132,45543,19411,26226,25897,136629,1652752384,529370635,243
26132,120461,94329,26273,25897,136629,3185770496,529397754,244
26132,45449,19317,26273,25897,136629,423821312,529068284,245
26132,45449,19317,26273,25897,136629,1956839424,529194573,246
26132,45496,19364,26273,25897,136629,3489857536,529279643,247
26132,76657,50525,26179,25897,136629,727908352,529216099,248
26132,45496,19364,26273,25897,136629,2260926464,529226533,249
26132,77691,51559,26320,25897,136629,3793944576,529202798,250
26132,45496,19364,26179,25897,136629,1031995392,529222914,251
26132,95363,69231,26320,25897,136629,2565013504,529778172,252
26132,48833,22701,26273,25897,136629,4098031616,529434273,253
26132,45496,19364,26320,25897,136629,1336082432,529365982,254
26132,45684,19552,26320,25897,136629,2869100544,530795910,255
26226,58233,32007,26273,25897,136629,107151360,529123932,256
26132,61006,34874,26179,25897,136629,1640169472,529332565,257
26132,45496,19364,26320,25897,136629,3173187584,529186395,258
26132,45496,19364,26320,25897,136629,411238400,529172953,259
26132,45449,19317,26273,25897,136629,1944256512,529260279,260
26132,71205,45073,26320,25897,136629,3477274624,529370259,261
26132,45496,19364,26273,25897,136629,715325440,529252571,262
26132,47658,21526,26320,25897,136629,2248343552,529532644,263
26132,63309,37177,26273,25897,136629,3781361664,529544018,264
26132,45496,19364,26273,25897,136629,1019412480,529420032,265
26132,87232,61100,26273,25897,136629,2552430592,529395874,266
26132,86198,60066,26320,25897,136629,4085448704,529287821,267
26132,45496,19364,26273,25897,136629,1323499520,529343516,268
26132,45684,19552,26273,25897,136629,2856517632,530534355,269
26132,45496,19364,26320,25897,136629,94568448,529171355,270
26132,59455,33323,26273,25897,136629,1627586560,529255814,271
26132,45449,19317,26179,25897,136629,3160604672,529250644,272
26132,45449,19317,26273,25897,136629,398655488,529258775,273
26132,92872,66740,26273,25897,136629,1931673600,529310287,274
26132,60536,34404,26179,25897,136629,3464691712,529862537,275
26132,52076,25944,26132,25897,136629,702742528,529250503,276
26132,45496,19364,26226,25897,136629,2235760640,529212104,277
26132,88736,62604,26273,25897,136629,3768778752,529372374,278
26132,45496,19364,26179,25897,136629,1006829568,529296798,279
26132,88078,61946,26320,25897,136629,2539847680,529404898,280
26132,45496,19364,26320,25897,136629,4072865792,529202939,281
26132,79195,53063,26414,25897,136629,1310916608,529507029,282
26226,45684,19458,26320,25897,136629,2843934720,530589674,283
26226,58985,32759,26273,25897,136629,81985536,529136951,284
26132,48410,22278,26273,25897,136629,1615003648,529131922,285
26132,92026,65894,26320,25897,136629,3148021760,529843596,286
26132,45402,19270,26273,25897,136629,386072576,529172248,287
26132,47376,21244,26273,25897,136629,1919090688,529831470,288
26132,45496,19364,26273,25897,136629,3452108800,529507640,289
26132,45496,19364,26273,25897,136629,690159616,529290782,290
26132,69466,43334,26273,25897,136629,2223177728,529154623,291
26132,116936,90804,26320,25897,136629,3756195840,529390563,292
26132,47376,21244,26320,25897,136629,994246656,529292380,293
26132,45449,19317,26273,25897,136629,2527264768,529254028,294
26132,90146,64014,26273,25897,136629,4060282880,529303707,295
26132,45449,19317,26461,25897,136629,1298333696,530475746,296
26132,45637,19505,26320,25897,136629,2831351808,530170340,297
26132,45496,19364,26320,25897,136629,69402624,529386991,298
26132,45496,19364,26273,25897,136629,1602420736,529194009,299
26132,45496,19364,26273,25897,136629,3135438848,529177230,300
26132,75670,49538,26273,25897,136629,373489664,529328006,301
26132,45496,19364,26273,25897,136629,1906507776,529191753,302
26132,59831,33699,26273,25897,136629,3439525888,529187758,303
26132,51230,25098,26179,25897,136629,677576704,529144706,304
26132,69513,43381,26273,25897,136629,2210594816,529274144,305
26132,52029,25897,26320,25897,136629,3743612928,529267705,306
26132,84506,58374,26320,25897,136629,981663744,529423181,307
26132,45543,19411,26273,25897,136629,2514681856,529868224,308
26132,45449,19317,26273,25897,136629,4047699968,529476996,309
26132,60113,33981,26273,25897,136629,1285750784,531139010,310
26226,45496,19270,26273,25897,136629,2818768896,529137938,311
26132,87655,61523,26320,25897,136629,56819712,529203926,312
26132,45496,19364,26320,25897,136629,1589837824,529238330,313
26132,52875,26743,26273,25897,136629,3122855936,529220987,314
26132,45496,19364,26273,25897,136629,360906752,529315927,315
26132,45496,19364,26273,25897,136629,1893924864,529208203,316
26132,48551,22419,26320,25897,136629,3426942976,529207592,317
26132,45496,19364,26320,25897,136629,664993792,529295905,318
26132,86762,60630,26320,25897,136629,2198011904,529788606,319
26132,90240,64108,26273,25897,136629,3731030016,529498381,320
26132,87843,61711,26273,25897,136629,969080832,529288526,321
26132,86997,60865,26179,25897,136629,2502098944,529295858,322
26132,45496,19364,26414,25897,136629,4035117056,529196312,323
26226,60912,34686,26320,25897,136629,1273167872,530967178,324
26132,54097,27965,26320,25897,136629,2806185984,529112464,325
26132,51324,25192,26320,25897,136629,44236800,529172906,326
26132,76704,50572,26273,25897,136629,1577254912,529378155,327
26132,93295,67163,26179,25897,136629,3110273024,529224935,328
26132,76610,50478,26273,25897,136629,348323840,529160263,329
26132,61476,35344,26273,25897,136629,1881341952,529590454,330
26132,64390,38258,26320,25897,136629,3414360064,529389012,331
26132,45496,19364,26273,25897,136629,652410880,529193633,332
26132,45496,19364,26320,25897,136629,2185428992,529273016,333
26132,78537,52405,26273,25897,136629,3718447104,529674302,334
26132,45496,19364,26320,25897,136629,956497920,529562348,335
26132,45496,19364,26273,25897,136629,2489516032,529375805,336
26132,133997,107865,26508,25897,136629,4022534144,530391663,337
26226,49491,23265,26273,25897,136629,1260584960,530342548,338
26226,61382,35156,26320,25897,136629,2793603072,529130747,339
26226,37694,11468,26273,25897,136629,31653888,529068237,340
26132,45496,19364,26273,25897,136629,1564672000,529780851,341
26132,63544,37412,26273,25897,136629,3097690112,529320251,342
26132,43616,17484,26273,25897,136629,335740928,529158665,343
26132,39527,13395,26273,25897,136629,1868759040,529069929,344
26132,41125,14993,26320,25897,136629,3401777152,529141651,345
26132,71440,45308,26320,25897,136629,639827968,529195701,346
26132,45496,19364,26320,25897,136629,2172846080,529128303,347
26132,87185,61053,26132,25897,136629,3705864192,529298161,348
26132,45496,19364,26273,25897,136629,943915008,529159746,349
26132,64296,38164,26320,25897,136629,2476933120,529227661,350
26132,45684,19552,26320,25897,136629,4009951232,530998198,351
26132,45637,19505,26320,25897,136629,1248002048,529738316,352
26132,59737,33605,26320,25897,136629,2781020160,529366734,353
26132,71487,45355,26273,25897,136629,19070976,529334539,354
26132,58750,32618,26226,25897,136629,1552089088,529227003,355
26132,61429,35297,26320,25897,136629,3085107200,529335432,356
26132,45496,19364,26273,25897,136629,323158016,529175867,357
26132,45496,19364,26320,25897,136629,1856176128,529175115,358
26132,54238,28106,26320,25897,136629,3389194240,529265026,359
26132,45496,19364,26273,25897,136629,627245056,529239740,360
26132,63826,37694,26273,25897,136629,2160263168,529324857,361
26132,84271,58139,26273,25897,136629,3693281280,529356958,362
26132,72991,46859,26273,25897,136629,931332096,529723793,363
26132,80088,53956,26179,25897,136629,2464350208,529388495,364
26132,89535,63403,26273,25897,136629,3997368320,531059016,365
26132,54802,28670,26273,25897,136629,1235419136,529181601,366
26132,58562,32430,26320,25897,136629,2768437248,529208297,367
26132,45496,19364,26132,25897,136629,6488064,529241714,368
26132,45496,19364,26320,25897,136629,1539506176,529277246,369
26132,45449,19317,26273,25897,136629,3072524288,529252101,370
26132,77080,50948,26273,25897,136629,310575104,529316961,371
26132,106079,79947,26320,25897,136629,1843593216,529262958,372
26132,72239,46107,26273,25897,136629,3376611328,529176807,373
26132,89723,63591,26414,25897,136629,614662144,529698225,374
26132,74918,48786,26273,25897,136629,2147680256,529511353,375
26132,44885,18753,26273,25897,136629,3680698368,529212386,376
26132,42958,16826,26273,25897,136629,918749184,529110349,377
26132,64813,38681,26414,25897,136629,2451767296,529715286,378
26226,45731,19505,26320,25897,136629,3984785408,530741672,379
26132,45449,19317,26273,25897,136629,1222836224,529171073,380
26226,44415,18189,26273,25897,136629,2755854336,529686005,381
26132,66411,40279,26273,25897,136629,4288872448,529340743,382
26132,45496,19364,26179,25897,136629,1526923264,529176431,383
26132,126242,100110,26273,25897,136629,3059941376,529235792,384
26132,45402,19270,26273,25897,136629,297992192,529570620,385
26132,85681,59549,26320,25897,136629,1831010304,529420361,386
26132,53909,27777,26320,25897,136629,3364028416,529227614,387
26132,45496,19364,26273,25897,136629,602079232,529142920,388
26132,90898,64766,26320,25897,136629,2135097344,529330732,389
26132,63027,36895,26273,25897,136629,3668115456,529190907,390
26132,51089,24957,26320,25897,136629,906166272,529229682,391
26132,70641,44509,26414,25897,136629,2439184384,530868854,392
26226,45590,19364,26320,25897,136629,3972202496,529546885,393
26132,45496,19364,26273,25897,136629,1210253312,529133426,394
26132,53486,27354,26273,25897,136629,2743271424,529179204,395
26132,45684,19552,26320,25897,136629,4276289536,529532879,396
26132,45496,19364,26320,25897,136629,1514340352,529453026,397
26132,60912,34780,26320,25897,136629,3047358464,529341401,398
26132,45496,19364,26273,25897,136629,285409280,529227238,399
26132,48880,22748,26273,25897,136629,1818427392,529164493,400
26132,91274,65142,26320,25897,136629,3351445504,529383466,401
26132,53486,27354,26179,25897,136629,589496320,529309206,402
26132,90569,64437,26320,25897,136629,2122514432,529372844,403
26132,45496,19364,26273,25897,136629,3655532544,529217039,404
26132,60677,34545,26179,25897,136629,893583360,529255626,405
26132,45684,19552,26273,25897,136629,2426601472,530986495,406
26132,45496,19364,26273,25897,136629,3959619584,529643705,407
26132,45684,19552,26273,25897,136629,1197670400,529535370,408
26132,70876,44744,26273,25897,136629,2730688512,529361752,409
26132,47235,21103,26273,25897,136629,4263706624,529212715,410
26132,90757,64625,26320,25897,136629,1501757440,529352869,411
26132,45496,19364,26273,25897,136629,3034775552,529258822,412
26132,45496,19364,26320,25897,136629,272826368,529254404,413
26132,56964,30832,26320,25897,136629,1805844480,529320204,414
26132,70735,44603,26179,25897,136629,3338862592,529333176,415
26132,93060,66928,26273,25897,136629,576913408,529360530,416
26132,45449,19317,26273,25897,136629,2109931520,529118903,417
26132,84506,58374,26696,25897,136629,3642949632,529402783,418
26132,58562,32430,26414,25897,136629,881000448,529761628,419
26226,95222,68996,26320,25897,136629,2414018560,531113207,420
26226,43945,17719,26273,25897,136629,3947036672,529140006,421
26226,60865,34639,26320,25897,136629,1185087488,529079094,422
26226,36143,9917,26320,25897,136629,2718105600,529042575,423
26132,51042,24910,26273,25897,136629,4251123712,529083888,424
26132,45308,19176,26273,25897,136629,1489174528,529118104,425
26132,49867,23735,26320,25897,136629,3022192640,529266483,426
26132,50666,24534,26320,25897,136629,260243456,529488370,427
26132,88548,62416,26320,25897,136629,1793261568,530172925,428
26132,45496,19364,26179,25897,136629,3326279680,529383607,429
26132,56165,30033,26555,25897,136629,564330496,529397801,430
26132,45496,19364,26273,25897,136629,2097348608,529156879,431
26132,117406,91274,26273,25897,136629,3630366720,529182259,432
26132,59737,33605,26414,25897,136629,868417536,530455583,433
26226,45496,19270,26320,25897,136629,2401435648,529568975,434
26226,54003,27777,26273,25897,136629,3934453760,529092818,435
26132,39104,12972,26320,25897,136629,1172504576,529097753,436
26132,62557,36425,26320,25897,136629,2705522688,529177183,437
26132,45590,19458,26273,25897,136629,4238540800,529399211,438
26132,45543,19411,26273,25897,136629,1476591616,529457491,439
26132,45449,19317,26320,25897,136629,3009609728,529197064,440
26132,45449,19317,26273,25897,136629,247660544,529083089,441
26132,56870,30738,26273,25897,136629,1780678656,529143766,442
26132,86950,60818,26273,25897,136629,3313696768,529224183,443
26132,45496,19364,26273,25897,136629,551747584,529131640,444
26132,61476,35344,26273,25897,136629,2084765696,529137656,445
26132,45496,19364,26273,25897,136629,3617783808,529142591,446
26132,45590,19458,26320,25897,136629,855834624,531103055,447
26226,46389,20163,26273,25897,136629,2388852736,529077167,448
26132,45496,19364,26273,25897,136629,3921870848,529106119,449
26132,45684,19552,26320,25897,136629,1159921664,529748139,450
26132,45590,19458,26320,25897,136629,2692939776,529361564,451
26132,58045,31913,26320,25897,136629,4225957888,529152461,452
26132,45496,19364,26273,25897,136629,1464008704,529116600,453
26132,87279,61147,26273,25897,136629,2997026816,529095356,454
26132,48175,22043,26320,25897,136629,235077632,529305070,455
26132,91462,65330,26320,25897,136629,1768095744,529173752,456
26132,87984,61852,26273,25897,136629,3301113856,529330027,457
26132,65518,39386,26273,25897,136629,539164672,529191095,458
26132,45496,19364,26179,25897,136629,2072182784,529124355,459
26132,119333,93201,26273,25897,136629,3605200896,529335291,460
26226,50102,23876,26320,25897,136629,843251712,531961040,461
26226,82955,56729,26320,25897,136629,2376269824,529306527,462
26226,59173,32947,26273,25897,136629,3909287936,529100902,463
26132,90146,64014,26273,25897,136629,1147338752,529432816,464
26226,89253,63027,26320,25897,136629,2680356864,529111289,465
26132,40373,14241,26320,25897,136629,4213374976,529063349,466
26226,35532,9306,26273,25897,136629,1451425792,529081585,467
26226,36331,10105,26320,25897,136629,2984443904,529077778,468
26132,53392,27260,26273,25897,136629,222494720,529108093,469
26132,45496,19364,26273,25897,136629,1755512832,529122569,470
26132,83989,57857,26320,25897,136629,3288530944,529234288,471
26132,60912,34780,26273,25897,136629,526581760,530165170,472
26132,45449,19317,26320,25897,136629,2059599872,529326643,473
26132,45684,19552,26555,25897,136629,3592617984,530024264,474
26226,81827,55601,26273,25897,136629,830668800,530814052,475
26226,36801,10575,26273,25897,136629,2363686912,529043985,476
26132,141047,114915,26273,25897,141047,3896705024,529214219,477
26226,36237,10011,26320,25897,141047,1134755840,529040272,478
26226,53956,27730,26273,25897,141047,2667773952,529087319,479
26226,79759,53533,26320,25897,141047,4200792064,529141181,480
26132,37036,10904,26273,25897,141047,1438842880,529093570,481
26132,45449,19317,26273,25897,141047,2971860992,529129055,482
26132,38822,12690,26320,25897,141047,209911808,529118950,483
26132,46624,20492,26273,25897,141047,1742929920,529256754,484
26132,45402,19270,26273,25897,141047,3275948032,529112182,485
26132,45496,19364,26273,25897,141047,513998848,529145975,486
26132,45496,19364,26320,25897,141047,2047016960,529159276,487
26132,45731,19599,26414,25897,141047,3580035072,530803148,488
26226,46859,20633,26273,25897,141047,818085888,530621963,489
26226,85587,59361,26273,25897,141047,2351104000,529102030,490
26132,50854,24722,26320,25897,141047,3884122112,529081491,491
26132,41736,15604,26273,25897,141047,1122172928,529088776,492
26132,45496,19364,26273,25897,141047,2655191040,529071433,493
26132,60724,34592,26320,25897,141047,4188209152,529220987,494
26132,45402,19270,26132,25897,141047,1426259968,529106166,495
26132,48363,22231,26320,25897,141047,2959278080,529064994,496
26132,57293,31161,26320,25897,141047,197328896,529187946,497
26132,70594,44462,26273,25897,141047,1730347008,529219483,498
26132,60865,34733,26273,25897,141047,3263365120,529177042,499
26132,45496,19364,26320,25897,141047,501415936,529087413,500
26132,84600,58468,26273,25897,141047,2034434048,529128397,501
26132,45731,19599,26273,25897,141047,3567452160,531057935,502
26132,45449,19317,26320,25897,141047,805502976,529076227,503
26132,70688,44556,26273,25897,141047,2338521088,529258540,504
26226,74448,48222,26273,25897,141047,3871539200,529169945,505
26226,38446,12220,26320,25897,141047,1109590016,529101983,506
26226,85493,59267,26320,25897,141047,2642608128,529130089,507
26132,47893,21761,26273,25897,141047,4175626240,529115566,508
26132,42112,15980,26320,25897,141047,1413677056,529077966,509
26132,87890,61758,26273,25897,141047,2946695168,529111994,510
26132,89958,63826,26273,25897,141047,184745984,529165480,511
26132,84459,58327,26273,25897,141047,1717764096,529277246,512
26132,45073,18941,26273,25897,141047,3250782208,529091596,513
26226,36237,10011,26273,25897,141047,488833024,529066921,514
26132,45590,19458,26414,25897,141047,2021851136,529484140,515
26226,71534,45308,26273,25897,141047,3554869248,531434781,516
26226,36284,10058,26320,25897,141047,792920064,529083559,517
26226,59972,33746,26273,25897,141047,2325938176,529083559,518
26226,49679,23453,26320,25897,141047,3858956288,529149594,519
26226,40138,13912,26273,25897,141047,1097007104,529089857,520
26226,35062,8836,26273,25897,141047,2630025216,529062362,521
26226,35861,9635,26320,25897,141047,4163043328,529055500,522
26226,36472,10246,26273,25897,141047,1401094144,529066263,523
26132,65565,39433,26273,25897,141047,2934112256,529091643,524
26132,72380,46248,26273,25897,141047,172163072,529111665,525
26132,64766,38634,26273,25897,141047,1705181184,529125107,526
26226,38164,11938,26320,25897,141047,3238199296,529086473,527
26132,89300,63168,26320,25897,141047,476250112,529450441,528
26132,45637,19505,26414,25897,141047,2009268224,530661349,529
26226,45637,19411,26320,25897,141047,3542286336,529921381,530
26226,48269,22043,26320,25897,141047,780337152,529052445,531
26226,48974,22748,26320,25897,141047,2313355264,529115331,532
26226,59173,32947,26273,25897,141047,3846373376,529129995,533
26226,36237,10011,26273,25897,141047,1084424192,529049766,534
26226,36848,10622,26320,25897,141047,2617442304,529039990,535
26132,41313,15181,26320,25897,141047,4150460416,529061046,536
26226,50008,23782,26273,25897,141047,1388511232,529091361,537
26226,40091,13865,26320,25897,141047,2921529344,529065041,538
26226,80840,54614,26273,25897,141047,159580160,529177747,539
26226,50713,24487,26273,25897,141047,1692598272,529091126,540
26226,50901,24675,26273,25897,141047,3225616384,529059307,541
26226,35485,9259,26273,25897,141047,463667200,529029838,542
26132,85869,59737,26461,25897,141047,1996685312,531445779,543
26226,43569,17343,26320,25897,141047,3529703424,529134131,544
26226,36754,10528,26273,25897,141047,767754240,529035008,545
26226,35297,9071,26320,25897,141047,2300772352,529034585,546
26132,85164,59032,26273,25897,141047,3833790464,529093288,547
26132,45966,19834,26320,25897,141047,1071841280,529092066,548
26132,54896,28764,26273,25897,141047,2604859392,529198944,549
26226,52969,26743,26273,25897,141047,4137877504,529165762,550
26132,45402,19270,26320,25897,141047,1375928320,529126188,551
26226,67116,40890,26320,25897,141047,2908946432,529167172,552
26226,84506,58280,26320,25897,141047,146997248,529175021,553
26226,85963,59737,26273,25897,141047,1680015360,529105414,554
26226,83284,57058,26273,25897,141047,3213033472,529126470,555
26132,55883,29751,26414,25897,141047,451084288,529152884,556
26226,45684,19458,26273,25897,141047,1984102400,531553973,557
26226,36707,10481,26273,25897,141047,3517120512,529027065,558
26226,47282,21056,26273,25897,141047,755171328,529076744,559
26226,63591,37365,26273,25897,141047,2288189440,529087930,560
26132,49773,23641,26320,25897,141047,3821207552,529125530,561
26226,37600,11374,26273,25897,141047,1059258368,529068002,562
26226,36096,9870,26273,25897,141047,2592276480,529072185,563
26132,67398,41266,26273,25897,141047,4125294592,529115566,564
26132,39950,13818,26320,25897,141047,1363345408,529127081,565
26132,75670,49538,26273,25897,141047,2896363520,529207310,566
26226,67492,41266,26273,25897,141047,134414336,529152978,567
26226,49068,22842,26273,25897,141047,1667432448,529096390,568
26226,52264,26038,26273,25897,141047,3200450560,529099727,569
26132,45684,19552,26555,25897,141047,438501376,530326850,570
26226,53674,27448,26320,25897,141047,1971519488,530491632,571
26226,38399,12173,26273,25897,141047,3504537600,529165245,572
26226,41595,15369,26273,25897,141047,742588416,529070916,573
26226,36660,10434,26273,25897,141047,2275606528,529053573,574
26226,66223,39997,26273,25897,141047,3808624640,529140899,575
26226,37083,10857,26320,25897,141047,1046675456,529095262,576
26226,103494,77268,26273,25897,141047,2579693568,529208156,577
26132,41736,15604,26273,25897,141047,4112711680,529077261,578
26226,64061,37835,26320,25897,141047,1350762496,529122428,579
26132,91274,65142,26273,25897,141047,2883780608,529357005,580
26132,44885,18753,26320,25897,141047,121831424,529190578,581
26132,45496,19364,26273,25897,141047,1654849536,529139442,582
26132,45496,19364,26273,25897,141047,3187867648,529264462,583
26132,45731,19599,26320,25897,141047,425918464,531104042,584
26226,45590,19364,26273,25897,141047,1958936576,529386239,585
26226,54614,28388,26320,25897,141047,3491954688,529084734,586
26226,36519,10293,26273,25897,141047,730005504,529073877,587
26132,44791,18659,26320,25897,141047,2263023616,529078859,588
26132,45402,19270,26320,25897,141047,3796041728,529154858,589
26132,45496,19364,26273,25897,141047,1034092544,529130747,590
26132,39856,13724,26320,25897,141047,2567110656,529042105,591
26132,87420,61288,26320,25897,141047,4100128768,529189544,592
26132,54097,27965,26273,25897,141047,1338179584,529268833,593
26226,87702,61476,26320,25897,141047,2871197696,529380693,594
26132,51277,25145,26320,25897,141047,109248512,529164869,595
26226,87326,61100,26273,25897,141047,1642266624,529183199,596
26226,48786,22560,26273,25897,141047,3175284736,529070117,597
26132,45731,19599,26320,25897,141047,413335552,531346562,598
26226,45543,19317,26273,25897,141047,1946353664,529114485,599
26226,86245,60019,26273,25897,141047,3479371776,529158994,600
26226,87561,61335,26273,25897,141047,717422592,529134319,601
26226,37459,11233,26320,25897,141047,2250440704,529096155,602
26132,45496,19364,26320,25897,141047,3783458816,529136105,603
26226,50948,24722,26273,25897,141047,1021509632,529115754,604
26226,70124,43898,26320,25897,141047,2554527744,529187241,605
26226,38070,11844,26320,25897,141047,4087545856,529088494,606
26132,87138,61006,26273,25897,141047,1325596672,529300041,607
26132,45496,19364,26273,25897,141047,2858614784,529098364,608
26132,43052,16920,26320,25897,141047,96665600,529094839,609
26132,41407,15275,26273,25897,141047,1629683712,529096860,610
26132,61053,34921,26461,25897,141047,3162701824,529657335,611
26226,45684,19458,26320,25897,141047,400752640,530971032,612
26226,79900,53674,26320,25897,141047,1933770752,529196312,613
26226,37224,10998,26273,25897,141047,3466788864,529064524,614
26132,86762,60630,26273,25897,141047,704839680,529146633,615
26226,40467,14241,26320,25897,141047,2237857792,529147620,616
26132,45449,19317,26273,25897,141047,3770875904,529104427,617
26226,37271,11045,26273,25897,141047,1008926720,529109926,618
26132,52170,26038,26320,25897,141047,2541944832,529122945,619
26226,37036,10810,26273,25897,141047,4074962944,529069318,620
26132,54050,27918,26273,25897,141047,1313013760,529164493,621
26226,76281,50055,26273,25897,141047,2846031872,529103722,622
26226,37083,10857,26273,25897,141047,84082688,529055829,623
26132,45496,19364,26320,25897,141047,1617100800,529088964,624
26132,45731,19599,26414,25897,141047,3150118912,530826225,625
26226,45731,19505,26273,25897,141047,388169728,529441276,626
26226,45590,19364,26320,25897,141047,1921187840,529183434,627
26226,101473,75247,26320,25897,141047,3454205952,529381492,628
26226,36566,10340,26273,25897,141047,692256768,529078154,629
26132,45449,19317,26273,25897,141047,2225274880,529115754,630
26132,45449,19317,26273,25897,141047,3758292992,529089669,631
26132,92825,66693,26273,25897,141047,996343808,529227379,632
26132,45449,19317,26320,25897,141047,2529361920,529116318,633
26132,90757,64625,26320,25897,141047,4062380032,529331672,634
26132,62745,36613,26273,25897,141047,1300430848,529249892,635
26132,45449,19317,26320,25897,141047,2833448960,529106307,636
26132,67915,41783,26320,25897,141047,71499776,529256707,637
26226,75153,48927,26320,25897,141047,1604517888,529205759,638
26226,77644,51418,26367,25897,141047,3137536000,531635988,639
26226,45590,19364,26320,25897,141047,375586816,529410679,640
26226,45637,19411,26273,25897,141047,1908604928,529200589,641
26226,37882,11656,26320,25897,141047,3441623040,529106777,642
26226,38587,12361,26273,25897,141047,679673856,529082854,643
26132,45402,19270,26320,25897,141047,2212691968,529118809,644
26132,87749,61617,26320,25897,141047,3745710080,529156362,645
26226,36284,10058,26273,25897,141047,983760896,529072608,646
26132,82579,56447,26273,25897,141047,2516779008,529163177,647
26132,84647,58515,26320,25897,141047,4049797120,529248388,648
26132,85916,59784,26320,25897,141047,1287847936,529187241,649
26132,58280,32148,26320,25897,141047,2820866048,529170180,650
26226,57528,31302,26320,25897,141047,58916864,529143766,651
26132,45590,19458,26414,25897,141047,1591934976,529253699,652
26226,45684,19458,26320,25897,141047,3124953088,531189347,653
26132,45449,19317,26273,25897,141047,363003904,529103064,654
26226,45590,19364,26273,25897,141047,1896022016,529152414,655
26132,68949,42817,26273,25897,141047,3429040128,529180708,656
26132,45496,19364,26273,25897,141047,667090944,529141087,657
26132,70735,44603,26320,25897,141047,2200109056,529266295,658
26132,45402,19270,26320,25897,141047,3733127168,529271324,659
26132,45449,19317,26273,25897,141047,971177984,529206182,660
26132,51465,25333,26320,25897,141047,2504196096,529146633,661
26132,79336,53204,26273,25897,141047,4037214208,529202140,662
26132,45449,19317,26273,25897,141047,1275265024,529082525,663
26132,42911,16779,26273,25897,141047,2808283136,529116271,664
26132,45402,19270,26320,25897,141047,46333952,529109738,665
26132,45684,19552,26555,25897,141047,1579352064,530338506,666
26226,45590,19364,26273,25897,141047,3112370176,529875509,667
26226,88642,62416,26273,25897,141047,350420992,529161015,668
26226,50384,24158,26273,25897,141047,1883439104,529133097,669
26226,66975,40749,26320,25897,141047,3416457216,529121347,670
26226,37882,11656,26273,25897,141047,654508032,529090374,671
26132,38117,11985,26320,25897,141047,2187526144,529085909,672
26226,70923,44697,26273,25897,141047,3720544256,529116647,673
26226,52029,25803,26320,25897,141047,958595072,529090186,674
26132,83895,57763,26273,25897,141047,2491613184,529238236,675
26132,45449,19317,26320,25897,141047,4024631296,529110302,676
26132,122059,95927,26273,25897,141047,1262682112,529187523,677
26132,44932,18800,26320,25897,141047,2795700224,529088682,678
26226,37036,10810,26320,25897,141047,33751040,529057098,679
26132,45684,19552,26414,25897,141047,1566769152,531269952,680
26226,72944,46718,26273,25897,141047,3099787264,529357381,681
26132,69278,43146,26320,25897,141047,337838080,529385064,682
26226,88971,62745,26320,25897,141047,1870856192,529225593,683
26226,36801,10575,26273,25897,141047,3403874304,529055312,684
26226,39480,13254,26320,25897,141047,641925120,529084452,685
26226,36519,10293,26320,25897,141047,2174943232,529062174,686
26226,59408,33182,26273,25897,141047,3707961344,529087977,687
26226,56588,30362,26320,25897,141047,946012160,529088964,688
26132,83002,56870,26320,25897,141047,2479030272,529236591,689
26132,42300,16168,26273,25897,141047,4012048384,529125107,690
26132,45449,19317,26273,25897,141047,1250099200,529153871,691
26132,65612,39480,26273,25897,141047,2783117312,529180332,692
26132,87702,61570,26273,25897,141047,21168128,529152461,693
26132,69513,43381,26273,25897,141047,1554186240,531468903,694
26226,36942,10716,26320,25897,141047,3087204352,529057474,695
26226,36613,10387,26273,25897,141047,325255168,529068425,696
26226,36707,10481,26273,25897,141047,1858273280,529101278,697
26226,38399,12173,26273,25897,141047,3391291392,529077167,698
26226,36660,10434,26320,25897,141047,629342208,529089293,699
26132,43851,17719,26273,25897,141047,2162360320,529109127,700
26132,50619,24487,26320,25897,141047,3695378432,529134413,701
26132,64155,38023,26320,25897,141047,933429248,529185032,702
26132,95316,69184,26273,25897,141047,2466447360,529534665,703
26226,45543,19317,26320,25897,141047,3999465472,529388918,704
26226,79148,52922,26273,25897,141047,1237516288,529203691,705
26226,37271,11045,26320,25897,141047,2770534400,529070775,706
26132,57105,30973,26367,25897,141047,8585216,529821647,707
26226,55601,29375,26273,25897,141047,1541603328,530861851,708
26226,45543,19317,26273,25897,141047,3074621440,529128209,709
26226,54755,28529,26320,25897,141047,312672256,529114391,710
26226,71111,44885,26273,25897,141047,1845690368,529101983,711
26132,45214,19082,26320,25897,141047,3378708480,529103017,712
26226,45872,19646,26273,25897,141047,616759296,529689154,713
26226,45590,19364,26273,25897,141047,2149777408,529307279,714
26226,50948,24722,26273,25897,141047,3682795520,529149688,715
26226,38916,12690,26320,25897,141047,920846336,529122146,716
26226,59737,33511,26320,25897,141047,2453864448,529135588,717
26132,51606,25474,26273,25897,141047,3986882560,529101466,718
26132,45449,19317,26320,25897,141047,1224933376,529098505,719
26132,41031,14899,26132,25897,141047,2757951488,529069130,720
26132,86480,60348,26414,25897,141047,4290969600,530942409,721
26226,45637,19411,26273,25897,141047,1529020416,529493258,722
26226,38305,12079,26273,25897,141047,3062038528,529055359,723
26226,45167,18941,26273,25897,141047,300089344,529478735,724
26226,106831,80605,26273,25897,141047,1833107456,529450347,725
26132,76563,50431,26320,25897,141047,3366125568,529409128,726
26226,45543,19317,26320,25897,141047,604176384,529435025,727
26226,88924,62698,26320,25897,141047,2137194496,529278374,728
26226,37224,10998,26320,25897,141047,3670212608,529058085,729
26226,73978,47752,26320,25897,141047,908263424,529156362,730
26226,45355,19129,26320,25897,141047,2441281536,529124355,731
26226,36848,10622,26320,25897,141047,3974299648,529050377,732
26226,37177,10951,26320,25897,141047,1212350464,529043656,733
26226,60113,33887,26320,25897,141047,2745368576,529124966,734
26132,45731,19599,26273,25897,141047,4278386688,531839122,735
26226,45543,19317,26320,25897,141047,1516437504,529664338,736
26226,37553,11327,26273,25897,141047,3049455616,529100996,737
26226,86010,59784,26320,25897,141047,287506432,529111665,738
26226,87373,61147,26226,25897,141047,1820524544,529216287,739
26226,37177,10951,26320,25897,141047,3353542656,529067626,740
26132,61288,35156,26273,25897,141047,591593472,529092207,741
26226,36284,10058,26273,25897,141047,2124611584,529045536,742
26226,36707,10481,26320,25897,141047,3657629696,529092019,743
26226,51841,25615,26320,25897,141047,895680512,529144189,744
26226,58609,32383,26273,25897,141047,2428698624,529112464,745
26226,53862,27636,26273,25897,141047,3961716736,529447997,746
26132,76939,50807,26273,25897,141047,1199767552,529446399,747
26132,45543,19411,26414,25897,141047,2732785664,529377826,748
26226,57857,31631,26273,25897,141047,4265803776,531693986,749
26226,42864,16638,26273,25897,141047,1503854592,529260514,750
26226,38540,12314,26273,25897,141047,3036872704,529083418,751
26226,36754,10528,26320,25897,141047,274923520,529081773,752
26226,52781,26555,26320,25897,141047,1807941632,529136904,753
26226,37224,10998,26273,25897,141047,3340959744,529078624,754
26226,39480,13254,26320,25897,141047,579010560,529060341,755
26226,61241,35015,26273,25897,141047,2112028672,529094651,756
26132,88971,62839,26320,25897,141047,3645046784,529233865,757
26226,39433,13207,26273,25897,141047,883097600,529135776,758
26226,40138,13912,26320,25897,141047,2416115712,529097800,759
26226,38775,12549,26273,25897,141047,3949133824,529077120,760
26226,38634,12408,26320,25897,141047,1187184640,529074629,761
26132,45731,19599,26414,25897,141047,2720202752,530726773,762
26226,52170,25944,26273,25897,141047,4253220864,530152010,763
26226,77456,51230,26273,25897,141047,1491271680,529153542,764
26226,36754,10528,26273,25897,141047,3024289792,529074441,765
26226,36425,10199,26273,25897,141047,262340608,529061328,766
26226,36237,10011,26320,25897,141047,1795358720,529112746,767
26132,45496,19364,26273,25897,141047,3328376832,529089716,768
26226,37600,11374,26273,25897,141047,566427648,529131170,769
26226,99734,73508,26320,25897,141047,2099445760,529271512,770
26226,70688,44462,26320,25897,141047,3632463872,529172906,771
26226,80276,54050,26320,25897,141047,870514688,529124684,772
26226,36096,9870,26320,25897,141047,2403532800,529050424,773
26226,94282,68056,26320,25897,141047,3936550912,529195748,774
26226,38070,11844,26273,25897,141047,1174601728,529115425,775
26132,45731,19599,26273,25897,141047,2707619840,531348865,776
26226,65659,39433,26273,25897,141047,4240637952,529759325,777
26226,45590,19364,26273,25897,141047,1478688768,529096061,778
26226,72333,46107,26273,25897,141047,3011706880,529102500,779
26226,39104,12878,26273,25897,141047,249757696,529110443,780
26226,74213,47987,26273,25897,141047,1782775808,529239270,781
26226,36989,10763,26320,25897,141047,3315793920,529073454,782
26132,88125,61993,26273,25897,141047,553844736,529209472,783
26132,89958,63826,26320,25897,141047,2086862848,529176854,784
26226,85164,58938,26273,25897,141047,3619880960,529190531,785
26226,36848,10622,26320,25897,141047,857931776,529055500,786
26226,37459,11233,26320,25897,141047,2390949888,529090468,787
26226,36754,10528,26273,25897,141047,3923968000,529071104,788
26132,69090,42958,26273,25897,141047,1162018816,529109926,789
26226,51606,25380,26320,25897,141047,2695036928,531562151,790
26226,89488,63262,26273,25897,141047,4228055040,529320580,791
26226,74260,48034,26320,25897,141047,1466105856,529115519,792
26226,41454,15228,26273,25897,141047,2999123968,529070305,793
26226,37083,10857,26273,25897,141047,237174784,529067814,794
26226,41313,15087,26320,25897,141047,1770192896,529102688,795
26226,73085,46859,26273,25897,141047,3303211008,529203221,796
26226,49632,23406,26273,25897,141047,541261824,529157866,797
26226,66740,40514,26273,25897,141047,2074279936,529169475,798
26226,55366,29140,26320,25897,141047,3607298048,529123086,799
26226,68620,42394,26320,25897,141047,845348864,529118997,800
26226,36237,10011,26320,25897,141047,2378366976,529054842,801
26132,58186,32054,26320,25897,141047,3911385088,529185267,802
26132,45731,19599,26508,25897,141047,1149435904,530125831,803
26226,67774,41548,26320,25897,141047,2682454016,531004872,804
26226,45073,18847,26273,25897,141047,4215472128,529120313,805
26226,57387,31161,26320,25897,141047,1453522944,529096343,806
26226,36284,10058,26273,25897,141047,2986541056,529078436,807
26226,38681,12455,26320,25897,141047,224591872,529070070,808
26132,66223,40091,26273,25897,141047,1757609984,529149641,809
26226,86151,59925,26461,25897,141047,3290628096,529107388,810
26132,61946,35814,26273,25897,141047,528678912,529078671,811
26132,86198,60066,26320,25897,141047,2061697024,529229118,812
26132,45402,19270,26320,25897,141047,3594715136,529130089,813
26132,74495,48363,26226,25897,141047,832765952,529188839,814
26132,41736,15604,26320,25897,141047,2365784064,529183622,815
26226,37318,11092,26273,25897,141047,3898802176,529097283,816
26132,67586,41454,26273,25897,141047,1136852992,531164061,817
26226,45637,19411,26320,25897,141047,2669871104,529913109,818
26226,124409,98183,26273,25897,141047,4202889216,529203362,819
26226,36801,10575,26273,25897,141047,1440940032,529050048,820
26226,52734,26508,26273,25897,141047,2973958144,529071950,821
26226,36378,10152,26273,25897,141047,212008960,529119138,822
26226,53439,27213,26273,25897,141047,1745027072,529117634,823
26132,52358,26226,26320,25897,141047,3278045184,529127175,824
26132,43193,17061,26320,25897,141047,516096000,529164399,825
26226,85117,58891,26320,25897,141047,2049114112,529188510,826
26226,88830,62604,26320,25897,141047,3582132224,529156362,827
26132,37177,11045,26273,25897,141047,820183040,529075334,828
26226,36237,10011,26273,25897,141047,2353201152,529059730,829
26132,90475,64343,37177,25897,141047,3886219264,529240210,830
26132,47423,21291,26461,25897,141047,1124270080,531530567,831
26226,45590,19364,26273,25897,141047,2657288192,529241432,832
26226,36284,10058,26273,25897,141047,4190306304,529058273,833
26132,62745,36613,26320,25897,141047,1428357120,529221457,834
26226,38023,11797,26273,25897,141047,2961375232,529106354,835
26226,78772,52546,26320,25897,141047,199426048,529168535,836
26226,36190,9964,26273,25897,141047,1732444160,529085251,837
26226,36002,9776,26320,25897,141047,3265462272,529099351,838
26226,87655,61429,26320,25897,141047,503513088,529173846,839
26132,66599,40467,26320,25897,141047,2036531200,529161579,840
26226,36096,9870,26320,25897,141047,3569549312,529071245,841
26226,42206,15980,26273,25897,141047,807600128,529174410,842
26226,57716,31490,26273,25897,141047,2340618240,529164963,843
26132,39198,13066,26508,25897,141047,3873636352,529490626,844
26226,84741,58515,26273,25897,141047,1111687168,531556699,845
26226,53768,27542,26320,25897,141047,2644705280,529234147,846
26226,61570,35344,26320,25897,141047,4177723392,529188651,847
26226,38634,12408,26226,25897,141047,1415774208,529100620,848
26132,45496,19364,26273,25897,141047,2948792320,529908926,849
26132,45590,19458,26273,25897,141047,186843136,529375288,850
26226,36754,10528,26320,25897,141047,1719861248,529049108,851
26226,52640,26414,26320,25897,141047,3252879360,529117305,852
26132,83096,56964,26273,25897,141047,490930176,529271465,853
26226,88454,62228,26320,25897,141047,2023948288,529218261,854
26226,36190,9964,26320,25897,141047,3556966400,529075146,855
26132,40984,14852,26273,25897,141047,795017216,529082478,856
26226,51418,25192,26273,25897,141047,2328035328,529145646,857
26132,45637,19505,26414,25897,141047,3861053440,530794077,858
26226,55460,29234,26273,25897,141047,1099104256,530084706,859
26226,54614,28388,26320,25897,141047,2632122368,529387790,860
26226,107207,80981,26320,25897,141047,4165140480,529129525,861
26226,86198,59972,26273,25897,141047,1403191296,529155140,862
26226,52217,25991,26273,25897,141047,2936209408,529105414,863
26226,82579,56353,26320,25897,141047,174260224,529132956,864
26226,39292,13066,26320,25897,141047,1707278336,529051035,865
26226,38258,12032,26273,25897,141047,3240296448,529081726,866
26132,83801,57669,26320,25897,141047,478347264,529180943,867
26226,38399,12173,26273,25897,141047,2011365376,529098787,868
26132,42394,16262,26273,25897,141047,3544383488,529165339,869
26132,120273,94141,26320,25897,141047,782434304,529240633,870
26132,42441,16309,26273,25897,141047,2315452416,529089528,871
26132,45731,19599,26273,25897,141047,3848470528,531375373,872
26226,45543,19317,26320,25897,141047,1086521344,529346665,873
26226,37412,11186,26273,25897,141047,2619539456,529051975,874
26132,45449,19317,26320,25897,141047,4152557568,529078013,875
26226,92355,66129,26273,25897,141047,1390608384,529165809,876
26226,64766,38540,26273,25897,141047,2923626496,529113686,877
26226,47141,20915,26320,25897,141047,161677312,529101513,878
26226,63685,37459,26273,25897,141047,1694695424,529133473,879
26226,87843,61617,26273,25897,141047,3227713536,529239317,880
26226,38352,12126,26320,25897,141047,465764352,529128256,881
26226,38399,12173,26273,25897,141047,1998782464,529066310,882
26226,69748,43522,26320,25897,141047,3531800576,529120924,883
26226,36425,10199,26273,25897,141047,769851392,529069459,884
26132,40608,14476,26414,25897,141047,2302869504,529178875,885
26226,89817,63591,26414,25897,141047,3835887616,531750856,886
26226,45590,19364,26414,25897,141047,1073938432,529358321,887
26226,48786,22560,26320,25897,141047,2606956544,529138784,888
26226,68103,41877,26273,25897,141047,4139974656,529263945,889
26226,40655,14429,26226,25897,141047,1378025472,529162378,890
26226,43522,17296,26320,25897,141047,2911043584,529239458,891
26226,45496,19270,26273,25897,141047,149094400,529096108,892
26226,46060,19834,26320,25897,141047,1682112512,529099351,893
26226,88219,61993,26320,25897,141047,3215130624,529178828,894
26226,72145,45919,26320,25897,141047,453181440,529172953,895
26226,55883,29657,26273,25897,141047,1986199552,529071715,896
26226,36425,10199,26320,25897,141047,3519217664,529051317,897
26226,35861,9635,26320,25897,141047,757268480,529047228,898
26132,45731,19599,26555,25897,141047,2290286592,530339258,899
26226,45731,19505,26273,25897,141047,3823304704,530732695,900
26226,45590,19364,26320,25897,141047,1061355520,529415379,901
26226,37694,11468,26273,25897,141047,2594373632,529057568,902
26226,71111,44885,26273,25897,141047,4127391744,529162472,903
26226,45449,19223,26273,25897,141047,1365442560,529369601,904
26226,45637,19411,26320,25897,141047,2898460672,529256848,905
26226,69513,43287,26273,25897,141047,136511488,529216945,906
26226,47423,21197,26273,25897,141047,1669529600,529202657,907
26226,90992,64766,26320,25897,141047,3202547712,529160263,908
26226,36660,10434,26320,25897,141047,440598528,529068143,909
26226,84506,58280,26273,25897,141047,1973616640,529181225,910
26226,39950,13724,26273,25897,141047,3506634752,529176337,911
26226,62181,35955,26320,25897,141047,744685568,529146539,912
26132,45684,19552,26414,25897,141047,2277703680,531208147,913
26226,54755,28529,26273,25897,141047,3810721792,529713030,914
26226,57810,31584,26320,25897,141047,1048772608,529100949,915
26226,50478,24252,26273,25897,141047,2581790720,529072702,916
26132,132305,106173,26273,25897,141047,4114808832,529209989,917
26226,36848,10622,26273,25897,141047,1352859648,529080081,918
26226,58844,32618,26273,25897,141047,2885877760,529075804,919
26226,39950,13724,26320,25897,141047,123928576,529054137,920
26226,85728,59502,26273,25897,141047,1656946688,529156456,921
26226,40608,14382,26273,25897,141047,3189964800,529318183,922
26226,73132,46906,26273,25897,141047,428015616,529295153,923
26226,38211,11985,26320,25897,141047,1961033728,529058085,924
26226,76046,49820,26273,25897,141047,3494051840,529127410,925
26226,36801,10575,26320,25897,141047,732102656,529071715,926
26132,53392,27260,26367,25897,141047,2265120768,531951264,927
26226,45543,19317,26320,25897,141047,3798138880,529673033,928
26226,45543,19317,26273,25897,141047,1036189696,529672140,929
26226,44039,17813,26273,25897,141047,2569207808,529200965,930
26226,53016,26790,26320,25897,141047,4102225920,529082102,931
26226,92637,66411,26320,25897,141047,1340276736,529163177,932
26226,45684,19458,26273,25897,141047,2873294848,530180116,933
26226,64672,38446,26320,25897,141047,111345664,529327630,934
26226,79148,52922,26273,25897,141047,1644363776,529243641,935
26226,36942,10716,26320,25897,141047,3177381888,529079517,936
26226,38775,12549,26320,25897,141047,415432704,529064712,937
26132,44556,18424,26273,25897,141047,1948450816,529094369,938
26226,38634,12408,26320,25897,141047,3481468928,529083888,939
26132,45449,19317,26461,25897,141047,719519744,529619500,940
26226,45637,19411,26273,25897,141047,2252537856,530750226,941
26226,71487,45261,26320,25897,141047,3785555968,529100996,942
26226,36378,10152,26273,25897,141047,1023606784,529060905,943
26226,41078,14852,26273,25897,141047,2556624896,529145928,944
26226,36848,10622,26273,25897,141047,4089643008,529089763,945
26226,40279,14053,26320,25897,141047,1327693824,529076086,946
26132,69701,43569,26320,25897,141047,2860711936,529132204,947
26226,90287,64061,26273,25897,141047,98762752,529236074,948
26226,45496,19270,26273,25897,141047,1631780864,529192458,949
26132,91697,65565,26320,25897,141047,3164798976,529203362,950
26226,85963,59737,26320,25897,141047,402849792,529149171,951
26226,48551,22325,26273,25897,141047,1935867904,529080222,952
26132,54802,28670,26320,25897,141047,3468886016,529173235,953
26132,45684,19552,26414,25897,141047,706936832,530941187,954
26226,74965,48739,26273,25897,141047,2239954944,530242062,955
26226,44838,18612,26273,25897,141047,3772973056,529200824,956
26226,36378,10152,26320,25897,141047,1011023872,529076744,957
26226,44415,18189,26273,25897,141047,2544041984,529102970,958
26226,58421,32195,26273,25897,141047,4077060096,529127081,959
26226,37506,11280,26273,25897,141047,1315110912,529036606,960
26226,37177,10951,26273,25897,141047,2848129024,529065135,961
26226,89535,63309,26273,25897,141047,86179840,529177841,962
26226,39386,13160,26273,25897,141047,1619197952,529095497,963
26226,36566,10340,26273,25897,141047,3152216064,529066404,964
26226,45590,19364,26273,25897,141047,390266880,529126987,965
26226,127417,101191,26414,25897,141047,1923284992,529449078,966
26226,45543,19317,26273,25897,141047,3456303104,529534007,967
26226,85634,59408,26320,25897,141047,694353920,531776001,968
26226,51230,25004,26273,25897,141047,2227372032,529871044,969
26226,45590,19364,26273,25897,141047,3760390144,529756223,970
26226,41736,15510,26320,25897,141047,998440960,529074535,971
26226,58656,32430,26320,25897,141047,2531459072,529105038,972
26226,37036,10810,26320,25897,141047,4064477184,529090374,973
26226,59408,33182,26320,25897,141047,1302528000,529103581,974
26226,48880,22654,26273,25897,141047,2835546112,529096390,975
26226,86715,60489,26273,25897,141047,73596928,529205571,976
26226,52264,26038,26273,25897,141047,1606615040,529152179,977
26226,68432,42206,26273,25897,141047,3139633152,529161203,978
26226,38916,12690,26320,25897,141047,377683968,529128585,979
26226,40937,14711,26320,25897,141047,1910702080,529181084,980
26226,72145,45919,26461,25897,141047,3443720192,529396767,981
26226,45731,19505,26273,25897,141047,681771008,531695490,982
26226,41924,15698,26273,25897,141047,2214789120,529180238,983
26226,36613,10387,26320,25897,141047,3747807232,529038110,984
26132,48034,21902,26273,25897,141047,985858048,529300981,985
26226,45543,19317,26273,25897,141047,2518876160,529167924,986
26226,89253,63027,26273,25897,141047,4051894272,529134272,987
26226,38634,12408,26273,25897,141047,1289945088,529113498,988
26132,87843,61711,26320,25897,141047,2822963200,529244393,989
26226,40702,14476,26273,25897,141047,61014016,529118762,990
26226,52640,26414,26273,25897,141047,1594032128,529093805,991
26132,104434,78302,26320,25897,141047,3127050240,529287445,992
26226,40843,14617,26320,25897,141047,365101056,529159652,993
26226,55272,29046,26273,25897,141047,1898119168,529187006,994
26226,69372,43146,26508,25897,141047,3431137280,530618626,995
26226,45637,19411,26320,25897,141047,669188096,530735468,996
26226,45590,19364,26273,25897,141047,2202206208,529104615,997
26226,43240,17014,26273,25897,141047,3735224320,529162237,998
26226,45543,19317,26273,25897,141047,973275136,529174363,999
26226,147204,120978,26461,25897,147204,2506293248,529516147,1000
26226,89159,62933,26273,25897,147204,4039311360,529344926,1001
26226,50525,24299,26273,25897,147204,1277362176,529187946,1002
26226,83848,57622,26273,25897,147204,2810380288,529214313,1003
26226,43428,17202,26320,25897,147204,48431104,529269726,1004
26226,51888,25662,26320,25897,147204,1581449216,529135494,1005
26226,38023,11797,26320,25897,147204,3114467328,529123791,1006
26226,44603,18377,26273,25897,147204,352518144,529111477,1007
26226,37177,10951,26320,25897,147204,1885536256,529063584,1008
26226,45731,19505,26273,25897,147204,3418554368,531453346,1009
26226,69654,43428,26273,25897,147204,656605184,530743270,1010
26226,45590,19364,26320,25897,147204,2189623296,529827334,1011
26226,78161,51935,26320,25897,147204,3722641408,529802941,1012
26226,45590,19364,26320,25897,147204,960692224,529705839,1013
26226,62698,36472,26320,25897,147204,2493710336,529965843,1014
26226,45590,19364,26320,25897,147204,4026728448,529604413,1015
26226,98324,72098,26320,25897,147204,1264779264,529116788,1016
26226,88783,62557,26320,25897,147204,2797797376,529219765,1017
26226,45543,19317,26320,25897,147204,35848192,529138314,1018
26226,38070,11844,26273,25897,147204,1568866304,529081820,1019
26226,45919,19693,26320,25897,147204,3101884416,529243735,1020
26226,77597,51371,26320,25897,147204,339935232,529328288,1021
26226,45637,19411,26273,25897,147204,1872953344,529273909,1022
26226,51418,25192,26273,25897,147204,3405971456,531871552,1023
26226,51747,25521,26273,25897,147204,644022272,529586271,1024
26226,163654,137428,26320,25897,163654,2177040384,529499321,1025
26226,50149,23923,26273,25897,163654,3710058496,529301827,1026
26226,45590,19364,26273,25897,163654,948109312,529731783,1027
26226,45496,19270,26320,25897,163654,2481127424,529581947,1028
26226,51418,25192,26273,25897,163654,4014145536,529815161,1029
26226,88454,62228,26273,25897,163654,1252196352,529561925,1030
26226,59173,32947,26320,25897,163654,2785214464,529269773,1031
26226,43428,17202,26273,25897,163654,23265280,529179110,1032
26226,39057,12831,26320,25897,163654,1556283392,529129854,1033
26226,185462,159236,26273,25897,185462,3089301504,529305916,1034
26226,120555,94329,26320,25897,185462,327352320,529252148,1035
26226,74448,48222,26555,25897,185462,1860370432,530227680,1036
26226,76751,50525,26273,25897,185462,3393388544,531604075,1037
26226,45637,19411,26273,25897,185462,631439360,529817464,1038
26226,45496,19270,26273,25897,185462,2164457472,529448467,1039
26226,89488,63262,26320,25897,185462,3697475584,529482683,1040
26226,45590,19364,26273,25897,185462,935526400,529299618,1041
26226,45543,19317,26273,25897,185462,2468544512,529321097,1042
26226,45590,19364,26273,25897,185462,4001562624,529267047,1043
26226,79712,53486,26320,25897,185462,1239613440,529230434,1044
26226,54050,27824,26273,25897,185462,2772631552,529239881,1045
26226,59596,33370,26320,25897,185462,10682368,529248858,1046
26226,45543,19317,26273,25897,185462,1543700480,529368285,1047
26226,63027,36801,26320,25897,185462,3076718592,529333646,1048
26226,45496,19270,26320,25897,185462,314769408,529242325,1049
26226,45731,19505,26273,25897,185462,1847787520,531255147,1050
26226,45590,19364,26273,25897,185462,3380805632,530149801,1051
26226,44885,18659,26273,25897,185462,618856448,529167078,1052
26226,51324,25098,26273,25897,185462,2151874560,529082572,1053
26226,37741,11515,26273,25897,185462,3684892672,529059119,1054
26226,38446,12220,26320,25897,185462,922943488,529180379,1055
26226,48786,22560,26320,25897,185462,2455961600,529104051,1056
26226,88783,62557,26320,25897,185462,3988979712,529211540,1057
26226,86574,60348,26273,25897,185462,1227030528,529183998,1058
26226,37741,11515,26320,25897,185462,2760048640,529103957,1059
26226,37976,11750,26320,25897,185462,4293066752,529062127,1060
26226,63215,36989,26273,25897,185462,1531117568,529094463,1061
26226,38117,11891,26320,25897,185462,3064135680,529085533,1062
26226,38164,11938,26273,25897,185462,302186496,529093147,1063
26132,45684,19552,26273,25897,185462,1835204608,531684727,1064
26226,61758,35532,26273,25897,185462,3368222720,529464729,1065
26226,45543,19317,26273,25897,185462,606273536,529209472,1066
26226,109557,83331,26320,25897,185462,2139291648,529251114,1067
26226,45543,19317,26273,25897,185462,3672309760,529238988,1068
26226,45590,19364,26320,25897,185462,910360576,529162613,1069
26226,54191,27965,26273,25897,185462,2443378688,529096484,1070
26226,85775,59549,26320,25897,185462,3976396800,529160122,1071
26226,38587,12361,26320,25897,185462,1214447616,529124026,1072
26226,60066,33840,26320,25897,185462,2747465728,529212245,1073
26226,44885,18659,26273,25897,185462,4280483840,529182870,1074
26226,45543,19317,26320,25897,185462,1518534656,529429855,1075
26226,45590,19364,26273,25897,185462,3051552768,529242090,1076
26226,45684,19458,26414,25897,185462,289603584,529924859,1077
26226,45731,19505,26320,25897,185462,1822621696,531808008,1078
26226,45590,19364,26273,25897,185462,3355639808,529928525,1079
26226,74448,48222,26273,25897,185462,593690624,529655032,1080
26226,45637,19411,26273,25897,185462,2126708736,530232756,1081
26226,54896,28670,26273,25897,185462,3659726848,530335733,1082
26226,45637,19411,26320,25897,185462,897777664,529800544,1083
26226,58374,32148,26320,25897,185462,2430795776,529667393,1084
26226,91979,65753,26320,25897,185462,3963813888,529272687,1085
26226,45543,19317,26273,25897,185462,1201864704,529293320,1086
26226,45590,19364,26273,25897,185462,2734882816,529608314,1087
26226,45543,19317,26320,25897,185462,4267900928,529665231,1088
26226,54144,27918,26273,25897,185462,1505951744,529255109,1089
26226,45590,19364,26273,25897,185462,3038969856,529531234,1090
26226,94893,68667,26414,25897,185462,277020672,531172568,1091
26226,45637,19411,26320,25897,185462,1810038784,530626381,1092
26226,45590,19364,26273,25897,185462,3343056896,529812059,1093
26226,50713,24487,26273,25897,185462,581107712,529642906,1094
26226,43710,17484,26273,25897,185462,2114125824,529163459,1095
26226,45637,19411,26320,25897,185462,3647143936,529244205,1096
26226,59126,32900,26273,25897,185462,885194752,529521411,1097
26226,75999,49773,26273,25897,185462,2418212864,529179251,1098
26226,74401,48175,26273,25897,185462,3951230976,529451663,1099
26226,45543,19317,26320,25897,185462,1189281792,529326126,1100
26226,55648,29422,26320,25897,185462,2722299904,529576965,1101
26226,58515,32289,26273,25897,185462,4255318016,529500590,1102
26226,92684,66458,26320,25897,185462,1493368832,529415802,1103
26226,55883,29657,26320,25897,185462,3026386944,529164540,1104
26226,53439,27213,26273,25897,185462,264437760,531610984,1105
26226,55460,29234,26367,25897,185462,1797455872,530400499,1106
26226,92872,66646,26273,25897,185462,3330473984,529764730,1107
26226,88313,62087,26273,25897,185462,568524800,529776621,1108
26226,45590,19364,26320,25897,185462,2101542912,529539271,1109
26226,45590,19364,26273,25897,185462,3634561024,530080006,1110
26226,45637,19411,26320,25897,185462,872611840,529408658,1111
26226,68056,41830,26320,25897,185462,2405629952,529663163,1112
26226,45590,19364,26320,25897,185462,3938648064,529736671,1113
26226,46342,20116,26320,25897,185462,1176698880,529784094,1114
26226,45590,19364,26320,25897,185462,2709716992,529597551,1115
26226,70641,44415,26320,25897,185462,4242735104,529506606,1116
26226,45167,18941,26320,25897,185462,1480785920,529573440,1117
26226,45637,19411,26461,25897,185462,3013804032,529640603,1118
26226,68197,41971,26273,25897,185462,251854848,532834723,1119
26226,46812,20586,26320,25897,185462,1784872960,529740055,1120
26226,45590,19364,26273,25897,185462,3317891072,529539882,1121
26226,45590,19364,26320,25897,185462,555941888,529624858,1122
26226,71863,45637,26461,25897,185462,2088960000,529645632,1123
26226,45590,19364,26273,25897,185462,3621978112,529809803,1124
26226,78772,52546,26273,25897,185462,860028928,529329839,1125
26226,45543,19317,26320,25897,185462,2393047040,529377826,1126
26226,102272,76046,26320,25897,185462,3926065152,529608643,1127
26226,45543,19317,26320,25897,185462,1164115968,529619406,1128
26226,88454,62228,26320,25897,185462,2697134080,529668380,1129
26226,47987,21761,26273,25897,185462,4230152192,530185568,1130
26226,77127,50901,26320,25897,185462,1468203008,529450535,1131
26226,45731,19505,26508,25897,185462,3001221120,530923515,1132
26226,45684,19458,26273,25897,185462,239271936,531256322,1133
26226,45590,19364,26414,25897,185462,1772290048,530061488,1134
26226,45637,19411,26320,25897,185462,3305308160,529830765,1135
26226,58656,32430,26320,25897,185462,543358976,529743627,1136
26226,90945,64719,26273,25897,185462,2076377088,529990283,1137
26226,59972,33746,26273,25897,185462,3609395200,529519907,1138
26226,45543,19317,26320,25897,185462,847446016,529395310,1139
26226,92731,66505,26320,25897,185462,2380464128,529725814,1140
26226,45684,19458,26320,25897,185462,3913482240,530131894,1141
26226,82579,56353,26320,25897,185462,1151533056,529604084,1142
26226,45590,19364,26320,25897,185462,2684551168,529589937,1143
26226,85164,58938,26273,25897,185462,4217569280,529356676,1144
26226,45590,19364,26320,25897,185462,1455620096,529399164,1145
26226,45731,19505,26273,25897,185462,2988638208,531706300,1146
26226,45590,19364,26273,25897,185462,226689024,530308990,1147
26226,89488,63262,26320,25897,185462,1759707136,529697520,1148
26226,88877,62651,28247,25897,185462,3292725248,529538707,1149
26226,45590,19364,26273,25897,185462,530776064,529670025,1150
26226,45496,19270,26320,25897,185462,2063794176,529174034,1151
26226,63920,37694,26273,25897,185462,3596812288,530033053,1152
26226,88971,62745,26273,25897,185462,834863104,529271230,1153
26226,36895,10669,26273,25897,185462,2367881216,529083277,1154
26226,82344,56118,26273,25897,185462,3900899328,529145599,1155
26226,37929,11703,26320,25897,185462,1138950144,529067391,1156
26226,39480,13254,26273,25897,185462,2671968256,529062268,1157
26226,42817,16591,26320,25897,185462,4204986368,529110772,1158
26226,53674,27448,26320,25897,185462,1443037184,529223901,1159
26226,47376,21150,26273,25897,185462,2976055296,531959066,1160
26226,51136,24910,26320,25897,185462,214106112,529514408,1161
26226,45543,19317,26273,25897,185462,1747124224,529165292,1162
26226,105891,79665,26320,25897,185462,3280142336,529903709,1163
26226,41031,14805,26320,25897,185462,518193152,529174880,1164
26226,72380,46154,26320,25897,185462,2051211264,529768208,1165
26226,45590,19364,26273,25897,185462,3584229376,529669884,1166
26226,77785,51559,26273,25897,185462,822280192,529285236,1167
26226,45590,19364,26320,25897,185462,2355298304,529302250,1168
26132,75576,49444,26273,25897,185462,3888316416,529525782,1169
26226,45590,19364,26273,25897,185462,1126367232,529572218,1170
26226,53956,27730,26273,25897,185462,2659385344,529522962,1171
26226,62886,36660,26273,25897,185462,4192403456,529418810,1172
26226,45731,19505,26508,25897,185462,1430454272,530373286,1173
26226,47470,21244,26414,25897,185462,2963472384,531731633,1174
26226,45590,19364,26320,25897,185462,201523200,529856709,1175
26226,45590,19364,26320,25897,185462,1734541312,529443156,1176
26226,49209,22983,26414,25897,185462,3267559424,529455893,1177
26226,64014,37788,26273,25897,185462,505610240,529426894,1178
26226,78913,52687,26320,25897,185462,2038628352,529862490,1179
26226,60395,34169,26273,25897,185462,3571646464,529843878,1180
26226,45590,19364,26320,25897,185462,809697280,529592522,1181
26226,89300,63074,26320,25897,185462,2342715392,529675853,1182
26226,45543,19317,26273,25897,185462,3875733504,529246273,1183
26226,36660,10434,26320,25897,185462,1113784320,529104192,1184
26226,85869,59643,26273,25897,185462,2646802432,529823715,1185
26226,39809,13583,26273,25897,185462,4179820544,529206088,1186
26226,76375,50149,26273,25897,185462,1417871360,531386935,1187
26226,45590,19364,26273,25897,185462,2950889472,530840372,1188
26226,58280,32054,26320,25897,185462,188940288,530070277,1189
26226,47470,21244,26320,25897,185462,1721958400,529961190,1190
26226,45590,19364,26320,25897,185462,3254976512,529448608,1191
26226,45590,19364,26273,25897,185462,493027328,529548671,1192
26226,96538,70312,26320,25897,185462,2026045440,529423181,1193
26226,89770,63544,26273,25897,185462,3559063552,529180191,1194
26226,90193,63967,26320,25897,185462,797114368,529252524,1195
26226,45637,19411,26273,25897,185462,2330132480,529862161,1196
26226,45590,19364,26320,25897,185462,3863150592,529403441,1197
26226,45590,19364,26273,25897,185462,1101201408,529382009,1198
26226,81592,55366,26320,25897,185462,2634219520,529249751,1199
26226,45590,19364,26320,25897,185462,4167237632,529317478,1200
26226,64672,38446,26320,25897,185462,1405288448,532272227,1201
26226,45590,19364,26273,25897,185462,2938306560,529913015,1202
26226,62980,36754,26414,25897,185462,176357376,529636467,1203
26226,45590,19364,26273,25897,185462,1709375488,529217509,1204
26226,74824,48598,26273,25897,185462,3242393600,529622038,1205
26226,51512,25286,26273,25897,185462,480444416,529177747,1206
26226,50384,24158,26273,25897,185462,2013462528,530012608,1207
26226,166991,140765,26414,25897,185462,3546480640,529923167,1208
26226,51606,25380,26273,25897,185462,784531456,529922274,1209
26226,45590,19364,26320,25897,185462,2317549568,529576918,1210
26226,45637,19411,26320,25897,185462,3850567680,529755377,1211
26226,47517,21291,26414,25897,185462,1088618496,530546058,1212
26226,73085,46859,26461,25897,185462,2621636608,529767315,1213
26226,86715,60489,26414,25897,185462,4154654720,530843192,1214
26226,66834,40608,26320,25897,185462,1392705536,532137102,1215
26226,87326,61100,26320,25897,185462,2925723648,530543614,1216
26226,45590,19364,26273,25897,185462,163774464,529844489,1217
26226,70547,44321,26320,25897,185462,1696792576,530585726,1218
26226,45590,19364,26273,25897,185462,3229810688,529629934,1219
26226,45590,19364,26273,25897,185462,467861504,529606246,1220
26226,92308,66082,26320,25897,185462,2000879616,529604883,1221
26226,85728,59502,26320,25897,185462,3533897728,529348075,1222
26226,42441,16215,26320,25897,185462,771948544,529125389,1223
26226,45590,19364,26320,25897,185462,2304966656,529290641,1224
26226,58139,31913,26273,25897,185462,3837984768,529338252,1225
26226,45590,19364,26320,25897,185462,1076035584,529299900,1226
26226,68009,41783,26320,25897,185462,2609053696,529091502,1227
26132,45731,19599,26273,25897,185462,4142071808,531125521,1228
26226,45684,19458,26273,25897,185462,1380122624,530839714,1229
26226,45496,19270,26273,25897,185462,2913140736,529637172,1230
26226,39762,13536,26320,25897,185462,151191552,529187711,1231
26226,44415,18189,26320,25897,185462,1684209664,529171026,1232
26226,58139,31913,26320,25897,185462,3217227776,529085956,1233
26226,36801,10575,26273,25897,185462,455278592,529058649,1234
26132,90099,63967,26320,25897,185462,1988296704,529501107,1235
26226,35955,9729,26320,25897,185462,3521314816,529071762,1236
26226,65283,39057,26273,25897,185462,759365632,529084264,1237
26226,69325,43099,26320,25897,185462,2292383744,529092348,1238
26226,38399,12173,26273,25897,185462,3825401856,529075898,1239
26226,45637,19411,26320,25897,185462,1063452672,529519578,1240
26226,78349,52123,26273,25897,185462,2596470784,529509802,1241
26132,55272,29140,26461,25897,185462,4129488896,532000332,1242
26226,45543,19317,26320,25897,185462,1367539712,529902346,1243
26226,58891,32665,26320,25897,185462,2900557824,529145787,1244
26226,39997,13771,26273,25897,185462,138608640,529100197,1245
26226,37036,10810,26273,25897,185462,1671626752,529080880,1246
26226,44321,18095,26273,25897,185462,3204644864,529278562,1247
26226,47940,21714,26273,25897,185462,442695680,529129243,1248
26226,88642,62416,26273,25897,185462,1975713792,529174222,1249
26226,55178,28952,26320,25897,185462,3508731904,529080927,1250
26226,50854,24628,26320,25897,185462,746782720,529585237,1251
26226,66740,40514,26320,25897,185462,2279800832,529203221,1252
26226,36707,10481,26273,25897,185462,3812818944,529105132,1253
26226,66176,39950,26273,25897,185462,1050869760,529123415,1254
26132,57716,31584,26414,25897,185462,2583887872,529414721,1255
26226,45731,19505,26320,25897,185462,4116905984,531564783,1256
26226,45543,19317,26273,25897,185462,1354956800,529134977,1257
26226,108946,82720,26414,25897,185462,2887974912,529376839,1258
26226,45543,19317,26273,25897,185462,126025728,529371387,1259
26226,45590,19364,26273,25897,185462,1659043840,529819062,1260
26226,74918,48692,26320,25897,185462,3192061952,529458149,1261
26226,75059,48833,26273,25897,185462,430112768,529391315,1262
26226,68714,42488,26320,25897,185462,1963130880,529432816,1263
26226,45590,19364,26461,25897,185462,3496148992,529452086,1264
26226,45637,19411,26273,25897,185462,734199808,529561455,1265
26226,45543,19317,26273,25897,185462,2267217920,529508815,1266
26226,45590,19364,26273,25897,185462,3800236032,529418528,1267
26226,45684,19458,26320,25897,185462,1038286848,529512810,1268
26226,57716,31490,26508,25897,185462,2571304960,531212894,1269
26226,45590,19364,26273,25897,185462,4104323072,530796897,1270
26226,86245,60019,26273,25897,185462,1342373888,529809474,1271
26226,66317,40091,26273,25897,185462,2875392000,529484046,1272
26226,86292,60066,26320,25897,185462,113442816,529352446,1273
26226,52029,25803,26320,25897,185462,1646460928,529149030,1274
26226,48457,22231,26320,25897,185462,3179479040,529374348,1275
26226,92590,66364,26273,25897,185462,417529856,529197017,1276
26226,45590,19364,26320,25897,185462,1950547968,529247918,1277
26226,58844,32618,26273,25897,185462,3483566080,529416554,1278
26226,45543,19317,26320,25897,185462,721616896,529490908,1279
26226,45637,19411,26320,25897,185462,2254635008,529355689,1280
26226,38775,12549,26320,25897,185462,3787653120,529183716,1281
26226,64296,38070,26273,25897,185462,1025703936,529309206,1282
26226,45684,19458,26320,25897,185462,2558722048,531677771,1283
26226,61382,35156,26320,25897,185462,4091740160,530665156,1284
26226,91697,65471,26273,25897,185462,1329790976,530309507,1285
26226,84365,58139,26320,25897,185462,2862809088,529374113,1286
26226,45590,19364,26320,25897,185462,100859904,529326126,1287
26226,86762,60536,26273,25897,185462,1633878016,529719187,1288
26226,87984,61758,26273,25897,185462,3166896128,529256613,1289
26226,86997,60771,26273,25897,185462,404946944,529234476,1290
26226,45590,19364,26273,25897,185462,1937965056,529706450,1291
26226,45637,19411,26273,25897,185462,3470983168,529955738,1292
26226,70218,43992,26273,25897,185462,709033984,529744755,1293
26226,45590,19364,26273,25897,185462,2242052096,529985865,1294
26226,47329,21103,26273,25897,185462,3775070208,529592381,1295
26226,65659,39433,26367,25897,185462,1013121024,530039116,1296
26226,82720,56494,26273,25897,185462,2546139136,532389022,1297
26226,45590,19364,26273,25897,185462,4079157248,530110321,1298
26226,45637,19411,26273,25897,185462,1317208064,530005229,1299
26226,86010,59784,26273,25897,185462,2850226176,530098571,1300
26226,50807,24581,26273,25897,185462,88276992,530142234,1301
26226,73931,47705,26273,25897,185462,1621295104,529447245,1302
26226,88172,61946,26320,25897,185462,3154313216,529860234,1303
26226,45590,19364,26273,25897,185462,392364032,529964668,1304
26226,89723,63497,26273,25897,185462,1925382144,531611783,1305
26226,64625,38399,26320,25897,185462,3458400256,530088560,1306
26226,56306,30080,26320,25897,185462,696451072,530527493,1307
26226,64296,38070,26273,25897,185462,2229469184,529841622,1308
26226,45590,19364,26273,25897,185462,3762487296,530132270,1309
26226,45731,19505,26555,25897,185462,1000538112,531011828,1310
26226,74307,48081,26273,25897,185462,2533556224,531900175,1311
26226,51841,25615,26320,25897,185462,4066574336,530043346,1312
26226,46013,19787,26273,25897,185462,1304625152,530099934,1313
26226,57669,31443,26273,25897,185462,2837643264,529593321,1314
26226,45637,19411,26273,25897,185462,75694080,529698131,1315
26226,46060,19834,26273,25897,185462,1608712192,530046589,1316
26132,45590,19458,26273,25897,185462,3141730304,529880068,1317
26226,91321,65095,26273,25897,185462,379781120,529595436,1318
26226,42347,16121,26320,25897,185462,1912799232,529123650,1319
26226,60207,33981,26273,25897,185462,3445817344,529262347,1320
26226,55648,29422,26273,25897,185462,683868160,529161391,1321
26226,45590,19364,26320,25897,185462,2216886272,529390845,1322
26226,70782,44556,26320,25897,185462,3749904384,529286223,1323
26226,45731,19505,26414,25897,185462,987955200,531699861,1324
26226,87937,61711,26320,25897,185462,2520973312,530666096,1325
26226,88736,62510,26414,25897,185462,4053991424,531471817,1326
26226,46342,20116,26320,25897,185462,1292042240,531984728,1327
26226,45590,19364,26461,25897,185462,2825060352,531588894,1328
26226,65471,39245,26414,25897,185462,63111168,531176516,1329
26226,53815,27589,26414,25897,185462,1596129280,530760096,1330
26226,54567,28341,26273,25897,185462,3129147392,530653124,1331
26226,45637,19411,26320,25897,185462,367198208,530695753,1332
26226,84929,58703,26414,25897,185462,1900216320,530363416,1333
26226,45590,19364,26414,25897,185462,3433234432,530360972,1334
26226,45590,19364,26320,25897,185462,671285248,530157321,1335
26226,45731,19505,26414,25897,185462,2204303360,529913250,1336
26226,66129,39903,26414,25897,185462,3737321472,529867237,1337
26226,45731,19505,26320,25897,185462,975372288,532412992,1338
26226,72850,46624,26320,25897,185462,2508390400,530331174,1339
26226,65142,38916,26320,25897,185462,4041408512,530222557,1340
26226,87185,60959,26320,25897,185462,1279459328,529656489,1341
26226,89018,62792,26273,25897,185462,2812477440,529868083,1342
26226,67680,41454,26320,25897,185462,50528256,529648640,1343
26226,78067,51841,26273,25897,185462,1583546368,530391099,1344
26226,51559,25333,26320,25897,185462,3116564480,530066423,1345
26226,69795,43569,26414,25897,185462,354615296,529935293,1346
26226,45637,19411,26461,25897,185462,1887633408,531055585,1347
26226,75012,48786,26273,25897,185462,3420651520,530580368,1348
26226,92308,66082,26273,25897,185462,658702336,530393073,1349
26226,139872,113646,26414,25897,185462,2191720448,530510197,1350
26226,48175,21949,26508,25897,185462,3724738560,531883255,1351
26226,45684,19458,26414,25897,185462,962789376,532006207,1352
26226,52828,26602,26273,25897,185462,2495807488,530531864,1353
26226,45637,19411,26320,25897,185462,4028825600,530434621,1354
26226,45590,19364,26320,25897,185462,1266876416,529934635,1355
26226,59502,33276,26320,25897,185462,2799894528,530023512,1356
26226,49397,23171,26273,25897,185462,37945344,529843925,1357
26226,60865,34639,26367,25897,185462,1570963456,530069149,1358
26226,56776,30550,26320,25897,185462,3103981568,530179552,1359
26226,58327,32101,26273,25897,185462,342032384,530277171,1360
26226,46483,20257,26273,25897,185462,1875050496,530041043,1361
26226,45590,19364,26320,25897,185462,3408068608,530183547,1362
26226,83237,57011,26273,25897,185462,646119424,530292070,1363
26226,51559,25333,26414,25897,185462,2179137536,529926081,1364
26226,50995,24769,26461,25897,185462,3712155648,532050105,1365
26226,103870,77644,26320,25897,185462,950206464,531024659,1366
26226,61429,35203,26461,25897,185462,2483224576,531501333,1367
26226,53721,27495,26320,25897,185462,4016242688,531254536,1368
26226,63685,37459,26273,25897,185462,1254293504,530319330,1369
26226,57293,31067,26414,25897,185462,2787311616,530139273,1370
26226,92684,66458,26273,25897,185462,25362432,529809474,1371
26226,65189,38963,26226,25897,185462,1558380544,530110180,1372
26226,45637,19411,26367,25897,185462,3091398656,530511466,1373
26226,56729,30503,26273,25897,185462,329449472,529889703,1374
26226,45637,19411,26320,25897,185462,1862467584,529703912,1375
26226,66552,40326,26320,25897,185462,3395485696,529931815,1376
26226,78161,51935,26273,25897,185462,633536512,529559998,1377
26226,45637,19411,26273,25897,185462,2166554624,530011198,1378
26226,45684,19458,26414,25897,185462,3699572736,532237353,1379
26226,69419,43193,40796,25897,185462,937623552,530873554,1380
26226,45590,19364,26320,25897,185462,2470641664,530248266,1381
26226,45590,19364,26273,25897,185462,4003659776,529806184,1382
26226,53674,27448,26320,25897,185462,1241710592,529807265,1383
26226,55366,29140,26273,25897,185462,2774728704,529381492,1384
26226,45637,19411,26273,25897,185462,12779520,529944082,1385
26226,71064,44838,26320,25897,185462,1545797632,530007767,1386
26226,45637,19411,26273,25897,185462,3078815744,529563852,1387
26226,59173,32947,26320,25897,185462,316866560,529655126,1388
26226,51183,24957,26320,25897,185462,1849884672,529953999,1389
26226,70735,44509,26273,25897,185462,3382902784,529675947,1390
26226,45590,19364,26273,25897,185462,620953600,529467596,1391
26226,93671,67445,26414,25897,185462,2153971712,530542956,1392
26226,91603,65377,26320,25897,185462,3686989824,531762794,1393
26226,81216,54990,26273,25897,185462,925040640,530158825,1394
26226,71910,45684,26273,25897,185462,2458058752,530089124,1395
26226,45637,19411,26273,25897,185462,3991076864,529697473,1396
26226,122905,96679,26273,25897,185462,1229127680,529913062,1397
26226,45590,19364,26273,25897,185462,2762145792,529489921,1398
26226,71252,45026,26273,25897,185462,196608,530085176,1399
26226,72709,46483,26273,25897,185462,1533214720,529698789,1400
26226,45543,19317,26414,25897,185462,3066232832,529537203,1401
26226,73320,47094,26320,25897,185462,304283648,529652635,1402
26226,54943,28717,26273,25897,185462,1837301760,530145195,1403
26226,88971,62745,26273,25897,185462,3370319872,529952777,1404
26226,78866,52640,26273,25897,185462,608370688,529700481,1405
26226,82297,56071,26414,25897,185462,2141388800,531476141,1406
26226,45590,19364,26273,25897,185462,3674406912,530976578,1407
26226,91415,65189,26273,25897,185462,912457728,530321774,1408
26226,75623,49397,26273,25897,185462,2445475840,529924436,1409
26226,74918,48692,26414,25897,185462,3978493952,529797160,1410
26226,82908,56682,26414,25897,185462,1216544768,529691551,1411
26226,91180,64954,26273,25897,185462,2749562880,529719939,1412
26226,45590,19364,26273,25897,185462,4282580992,530022055,1413
26226,87984,61758,26320,25897,185462,1520631808,530130014,1414
26226,45637,19411,26226,25897,185462,3053649920,530159859,1415
26226,90569,64343,26273,25897,185462,291700736,529790251,1416
26226,80135,53909,26320,25897,185462,1824718848,529942014,1417
26226,51418,25192,26320,25897,185462,3357736960,529647653,1418
26226,87420,61194,26273,25897,185462,595787776,529674349,1419
26226,54567,28341,26320,25897,185462,2128805888,532084979,1420
26226,92825,66599,26273,25897,185462,3661824000,530137628,1421
26226,57716,31490,26414,25897,185462,899874816,529883452,1422
26226,45543,19317,26320,25897,185462,2432892928,529611839,1423
26226,45637,19411,26273,25897,185462,3965911040,529670025,1424
26226,69419,43193,26273,25897,185462,1203961856,529731266,1425
26226,57716,31490,26273,25897,185462,2736979968,529648217,1426
26226,72333,46107,26320,25897,185462,4269998080,529687932,1427
26226,76563,50337,26414,25897,185462,1508048896,529842985,1428
26226,89441,63215,26320,25897,185462,3041067008,529973927,1429
26226,45543,19317,26320,25897,185462,279117824,529626174,1430
26226,77644,51418,26273,25897,185462,1812135936,529573769,1431
26226,47282,21056,26320,25897,185462,3345154048,529785786,1432
26226,74683,48457,26555,25897,185462,583204864,530433634,1433
26226,45637,19411,26461,25897,185462,2116222976,531969218,1434
26226,54990,28764,26320,25897,185462,3649241088,529759278,1435
26226,95692,69466,26320,25897,185462,887291904,529938630,1436
26226,71957,45731,26273,25897,185462,2420310016,530114363,1437
26226,45637,19411,26320,25897,185462,3953328128,529849518,1438
26226,78913,52687,26320,25897,185462,1191378944,529638347,1439
26226,78678,52452,26273,25897,185462,2724397056,530270638,1440
26226,45590,19364,26273,25897,185462,4257415168,530068867,1441
26226,71722,45496,26320,25897,185462,1495465984,530337707,1442
26226,120038,93812,26273,25897,185462,3028484096,530052417,1443
26226,60395,34169,26320,25897,185462,266534912,529865733,1444
26226,70406,44180,26414,25897,185462,1799553024,530002691,1445
26226,94094,67868,26320,25897,185462,3332571136,530013924,1446
26226,45684,19458,26414,25897,185462,570621952,531615872,1447
26226,62322,36096,26320,25897,185462,2103640064,531184130,1448
26226,45590,19364,26414,25897,185462,3636658176,530273223,1449
26226,82391,56165,26273,25897,185462,874708992,530038317,1450
